[
  {
    "name": {
      "common": "India",
      "official": "Republic of India"
    },
    "cca2": "IN",
    "cca3": "IND",
    "capital": [
      "New Delhi"
    ],
    "region": "Asia",
    "population": 1393409038,
    "area": 3287263,
    "timezones": [
      "Asia/Kolkata"
    ],
    "flags": {
      "png": "https://flagcdn.com/w320/in.png"
    },
    "maps": {
      "googleMaps": "https://www.google.com/maps/place/India/"
    }
  },
  {
    "name": {
      "common": "United States",
      "official": "United States of America"
    },
    "cca2": "US",
    "cca3": "USA",
    "capital": [
      "Washington, D.C."
    ],
    "region": "Americas",
    "population": 331893745,
    "area": 9372610,
    "timezones": [
      "America/New_York",
      "America/Chicago",
      "America/Denver",
      "America/Los_Angeles"
    ],
    "flags": {
      "png": "https://flagcdn.com/w320/us.png"
    },
    "maps": {
      "googleMaps": "https://www.google.com/maps/place/United+States/"
    }
  },
  {
    "name": {
      "common": "Japan",
      "official": "Japan"
    },
    "cca2": "JP",
    "cca3": "JPN",
    "capital": [
      "Tokyo"
    ],
    "region": "Asia",
    "population": 125960000,
    "area": 377975,
    "timezones": [
      "Asia/Tokyo"
    ],
    "flags": {
      "png": "https://flagcdn.com/w320/jp.png"
    },
    "maps": {
      "googleMaps": "https://www.google.com/maps/place/Japan/"
    }
  }
]